809hz,813hz,816hz,820hz,824hz,828hz,832hz,836hz,840hz,844hz,848hz,852hz,855hz,859hz,863hz,867hz,871hz,875hz,879hz,883hz,887hz,891hz,895hz,898hz,902hz,906hz,910hz,914hz,918hz,922hz,926hz,930hz,934hz,938hz,941hz,945hz,949hz,953hz,957hz,961hz,965hz,969hz,973hz,977hz,980hz,984hz,988hz,992hz,996hz,1000hz,1004hz,1008hz,1012hz,1016hz,1020hz,1023hz,1027hz,1031hz,1035hz,1039hz,1043hz,1047hz,1051hz,1055hz,1059hz,1063hz,1066hz,1070hz,1074hz,1078hz,1082hz,1086hz,1090hz,1094hz,1098hz,1102hz,1105hz,1109hz,1113hz,1117hz,1121hz,1125hz,1129hz,1133hz,1137hz,1141hz,1145hz,1148hz,1152hz,1156hz,1160hz,1164hz,1168hz,1172hz,1176hz,1180hz,1184hz,1188hz,1191hz,1195hz,1199hz,1203hz,1207hz,1211hz,1215hz,1219hz,1223hz,1227hz,1230hz,1234hz,1238hz,1242hz,1246hz,1250hz,1254hz,1258hz,1262hz,1266hz,1270hz,1273hz,1277hz,1281hz,1285hz,1289hz,1293hz,1297hz,1301hz,1305hz,1309hz,1313hz,1316hz,1320hz,1324hz,1328hz,1332hz,1336hz,1340hz,1344hz,1348hz,1352hz,1355hz,1359hz,1363hz,1367hz,1371hz,1375hz,1379hz,1383hz,1387hz,1391hz,1395hz,1398hz,1402hz,1406hz,1410hz,1414hz,1418hz,1422hz,1426hz,1430hz,1434hz,1438hz,1441hz,1445hz,1449hz,1453hz,1457hz,1461hz,1465hz,1469hz,1473hz,1477hz,1480hz,1484hz,1488hz,1492hz,1496hz,1500hz,1504hz,1508hz,1512hz,1516hz,1520hz,1523hz,1527hz,1531hz,1535hz,1539hz,1543hz,1547hz,1551hz,1555hz,weight
161.43853291826085,259.2538856471542,153.93039779462964,1213.4927133785473,2562.7815768888604,523.5178644011203,170.04050085854672,527.0925855502535,1077.7431841450234,373.5542749620763,151.5021185173898,242.70402555645512,6.197341262649368,41.92601412292218,135.37051990811273,382.35120909545225,902.2044007610425,348.5969386909901,161.3294740100227,268.09981919887366,1089.9720178701862,587.3557580145132,104.14437901381179,87.80257450269796,52.70707493839933,176.79080081435075,17.29601625467641,514.9799929909797,105.58756579478589,296.9146959661505,270.76263218263307,179.25784275151327,126.76913938777807,103.9120763654604,12.10351226665796,55.69292537177492,191.50400669824106,413.98815875921485,281.6041718284252,92.77768004797854,594.5069892508517,395.5245954738165,72.87099200985347,23.03910540730032,1.8282308091329167,399.20990260133175,199.89638262342467,116.94053888781274,509.195956621457,308.8038451139787,41.01169350257218,152.23226519913896,134.36847441081625,11.846835234064915,122.27508747209946,108.98915564871528,39.13860972350285,226.56102220018522,1012.0035226700555,680.890499601046,319.4159415184926,291.08770171983605,700.2951056279497,209.7581146563292,581.4651955144853,447.47740403073806,403.8461812891412,595.4428699454977,113.26556734612495,268.52070615937987,941.6233769292046,64.58278657965435,167.233277272545,1141.0158698801329,298.43819332586276,251.27226805721864,275.73021939813736,897.6966917105874,345.03186206956195,144.2559954810832,52.37037380526177,7.084577802010788,167.23319385135926,399.9653577356918,382.11875848474574,89.70907521411755,343.60639083503713,96.21249385421052,63.665195408929705,578.5461841731017,155.02224456228515,204.3393049576299,735.4103792341554,180.3616921702551,1402.8272017251443,1799.8479128684207,585.0544090263259,684.391190963032,143.54465002908248,1066.5959263137606,585.6288014702569,26.506238372522873,483.384663821232,363.25370712369863,79.28967240175152,94.53731662299786,286.0906999111315,178.96013672839186,885.2784475199663,64.03952323896203,111.50413535247213,32.07613499531539,369.05900992966156,278.7495005655709,307.2776777605695,474.7251415399164,670.2560014092927,281.6814930770713,163.8118470964377,46.72911584533237,144.6481970034672,57.58984969767684,153.64650703669213,409.2168576884411,186.59862791012526,199.86628398671323,433.71994299253663,72.4382561501268,17.814299397434993,271.6955816469696,266.1284319845002,74.7298029954944,6.233607968576061,138.5751699110187,28.639322344749644,352.46129706775594,81.22824823227171,242.63612506640493,165.4075565059985,154.78477820087687,43.23261134381379,160.2615579380261,321.3676050146921,493.1971532493194,33.215984879245205,175.34215592056532,84.85609084775066,123.93846202401346,273.3146442347121,73.84616073743626,699.1258329996093,152.3880949329874,125.61722410698181,656.5004360537869,298.74201057990234,95.0536381045032,262.90095461270636,1170.744080106574,638.4229999235507,158.82776050828733,105.55500743448677,162.31236875028682,482.6764621125232,494.1037827938439,929.5329135189661,115.0879240463031,171.60409465295544,575.4774311187011,18.832980475612683,251.97578697528365,128.32644175451813,529.0725060103073,75.18782252209218,18.935357832482183,251.58756832598274,31.586545178094234,1.6790420938526955,362.8255576978352,10.127704096332506,1133.906443728395,152.40069694381958,320.6409248098581,412.2755156339713,765.6566579298332,23.23313262223797,173.96050971295918,52.03442859245026,357.76636154989546,81.33938823670195,691.4111318490577,218.26694282744597,438.84585297972717,25.2
809.7570193383317,2564.4769143755543,644.5195969094996,479.15098606172006,181.37425988497353,564.3746062472912,393.13902044220185,129.01414466182723,755.7468098760583,101.51109208878647,106.97917040114878,552.6681311565968,1282.35097963122,473.2250301716289,830.3700022012031,233.4053568760055,1016.9683470093898,304.31300915526487,436.6518969638737,122.11288461385561,335.0721726754508,457.31996381749644,654.0213286622327,106.5446107000718,1205.698251796115,139.46226171349224,231.47338906446288,87.26713932413243,718.4093416003748,355.52866944074265,65.55001051848829,1476.082958156727,213.90589298277726,226.20939446324624,894.2248469449711,396.4969469959318,101.73403367280156,2537.9789732101203,428.9675346222923,372.9812204823521,839.208563734899,364.2000434142768,681.0247698870697,360.1910084440956,290.9872518897496,602.1273603373047,108.37068208110861,988.2391532134553,1005.9180897828646,1140.9468590560823,202.83499112526383,1924.261942805282,147.18508097655777,3.6944541383322482,625.6585597630635,320.3498016486508,387.9549681602747,444.8411601800782,480.3626176942699,219.2512543467863,290.7765806444336,423.8772496015468,543.0243786734172,831.8181682568807,1574.4262312573621,260.87183924169346,105.43909147958841,406.24603955057756,275.90066329579105,236.73860820515023,123.52706408308912,223.49769637177505,439.299145107388,606.6989053391198,815.5625864520789,1388.7788695359218,252.84528197500762,759.4267346898943,313.8776277574935,1889.9550356566178,1791.8996093077608,389.8004799227061,14.03975650749272,2490.411251064692,170.68379823799228,134.64742733610058,299.95367312585233,74.27722931837273,187.02468824008488,1598.119121145629,468.39662195345727,507.7728316025347,610.9178117807415,1501.2461931033852,556.9772543623159,66.62957354353915,1775.2473728749897,278.3235249018263,102.71739012528784,37.881716790163004,306.2413997524938,665.4049913534598,179.1745226464953,188.61474967737212,74.19555678995319,341.25356049034383,131.04172338748165,30.886577020824703,296.71023753730947,308.3107208138089,7.997358713649891,106.67237055689333,307.911190598854,236.63199465800554,169.87695982621722,441.26532272744134,357.2762856477665,355.35124182041926,494.0661411850522,18.016774124484513,505.6912034708956,1305.8448117145044,438.81412096063065,938.8988783459009,57.231400018131055,529.6993971567383,98.77167144498287,165.21446004812614,438.7849938382653,736.7927498986705,11.764903938229802,753.5707518780231,173.05229956215823,147.18545577005136,251.74241855365227,165.01882364081692,244.0342602073002,32.41192582192119,271.29378690812143,460.839767286313,10.049295135222907,624.0862591040327,220.7585087449246,311.8918836004675,772.769268448455,1300.0468719276046,146.47904872004403,411.50244069039934,521.2162487457294,1757.3704786548503,127.12442657436024,1291.1925892731572,279.0868800297831,772.2125251717364,530.1355795366368,488.2485596452988,296.06706491258115,177.01905238643067,1059.2711521225542,1235.2322478379479,740.0032387236772,221.4923068731854,538.2088498870069,279.5243715207091,360.856045098896,2038.5643400880413,251.40785097951317,837.908895095856,546.5618114679037,245.22977494645866,142.95903271048797,297.0075139593889,1400.2419964940084,22.557687402048913,635.7065784202193,598.5573356635036,1990.0310976205285,539.4932095997393,240.25918799785444,1156.6921770113274,168.8398004641951,1356.4856500386913,488.0374230663124,11.409057167506672,70.5597083211122,856.4605410478396,621.9781728660545,75.31261858800038,329.65320966632055,498.20022034122724,834.0399067427091,5.513656034523347,25.2
344.5398948187186,1005.6097673606682,466.60471548619205,518.2649933281921,3096.855862803391,775.3969763847938,2320.525191155626,176.47156121807564,2589.711210004486,982.8736314638995,1253.9932969141603,946.3852382515119,104.66259534247236,24.216313075297087,206.2752033253065,1102.5550434596828,522.0205581133031,59.84680280912163,1702.9338542122662,1638.0409378323332,860.9731967700264,3595.0581291882363,1979.3678985195197,1036.7831996797895,8052.991694356061,2434.964051728446,7820.907258308862,3458.273144147635,4334.4663939020775,2124.1367842933964,2250.727726969022,2474.753303477014,2199.961741666291,43.544026977148825,3220.1802567193404,568.225978415055,35.84978208541764,4541.790029760485,4855.914095709773,3003.3860177858674,9575.170810513548,1455.6043727728425,9292.997743948003,5624.275081677262,8690.859982041136,9002.03532788265,7907.863107594389,13796.012465135733,9502.247327188086,4715.986560710333,6619.30923252597,1676.5944118037928,2773.748238798587,2057.4178870149417,975.2259628384179,6315.70110569563,11112.784875628597,8903.925516395502,10954.85132522752,12529.074605513979,19189.720098499663,26820.597635742604,30817.97157770962,21436.723366831895,41481.18043101019,24043.218616759717,36259.76173329668,27669.068138901188,31033.944784439365,45803.126718791944,49737.504399315454,41939.94754405147,47261.21018438386,51227.17995910821,53456.36949213564,75513.5075563825,61384.83650994328,53972.796595228676,71452.84519230902,60649.645160870015,71777.3467033164,60583.419434847056,54487.506340498425,60039.80544888606,67636.60006839054,56117.42976280395,55944.50933649631,39802.535951977785,33605.39364389784,17735.710525413822,16979.614713995732,18342.638599784434,10765.280777217276,7049.604707478034,2444.301127474549,3842.844756925336,2587.2053878259676,2480.5431269199066,3250.6417833988858,5227.540541152234,7984.037908412486,11704.541770173902,7652.803047230126,6218.827238462656,14597.50483428108,8596.98135306071,12087.321254840215,6774.901864619286,11026.276976793362,8641.151103224882,12936.690632282469,12800.415592562249,5142.123283965972,5109.812888386292,3825.242555699029,2303.4647961207734,6310.913850504593,10705.109583043131,21049.464086656993,31281.733246139956,56207.24733082615,85874.26342532011,75074.02473129793,105355.61902804842,156178.1631141205,156230.73791367002,147150.79418310264,149077.93760083668,164021.23059203126,140267.70984493385,121727.6310851866,108897.76193213329,68442.27367499152,46868.44537920625,20451.522831072376,10226.63393977973,23568.8580216059,33465.69150311162,85768.9109303494,148308.69523875267,240167.5627580267,336662.82204783714,502270.55405505135,614581.0343068937,794644.744540763,880483.913955881,1049569.744443695,1239543.851559829,1254264.0526524298,1373087.210022143,1505589.1226638348,1417663.4785357662,1503313.1574887505,1394813.2333002093,1286860.2281626323,1128360.9728364274,972658.1010611185,850942.3229635872,749063.650146318,562930.5853296777,402391.0724536104,262169.84945940593,187608.57790799483,115328.98390934494,68591.10429889458,35625.32340710717,9604.501349625216,14513.381840887974,16083.909747307009,38806.94065452861,59986.89689412979,61102.88100438636,71782.2130619114,86038.00234665792,67926.94551131547,68242.7756590433,68655.68614201913,48394.5965986372,52357.09898563469,32743.536578886702,31915.83948377541,13003.507370952102,3392.8174884914974,834.8332472717283,1339.1865681368108,3271.9458416616053,9057.413320837853,9515.971578824636,13290.401650381486,16499.56432946716,28215.46521410781,26406.326251566177,25.2
668.6577042028821,831.1661970943088,102.05341502669253,1749.6784106923149,653.2102931221734,1339.9167199338146,3137.7044374409948,870.9871941128908,4722.083082893781,266.4839623917679,48.546509115908336,746.1188116119772,1557.8145460356225,671.1925988045974,289.79175554783717,977.8645406432561,772.7957667141292,731.8344308152426,4932.579133221892,6153.686961986112,1473.1857935735045,3853.909391657155,2531.320267314129,2317.464194889754,312.3846214617083,705.3448907992681,22.593517926421136,418.4254331718796,649.4859598936865,114.40976120594729,44.29868758762856,3003.557733341473,0.2420407952373203,1047.6983435548432,6436.281700885239,2522.099092725263,137.83685927612487,175.89671126795895,2469.27875039248,645.1652647053361,2773.625657248512,1262.958656624012,1498.160686691494,68.28473469442282,576.1479114113135,5605.123626040818,16667.2215525098,40445.06681946464,4347.298037443497,5930.480946095246,1867.5650070986094,1922.6635076693622,6289.608925743672,939.4634706916487,3034.0866320118726,562.0290222035361,1327.835696572788,1002.0393120857331,3744.319069690773,4967.129470467032,1646.9010666523886,2164.294472634392,440.835317488135,5903.761983348073,7378.720960948836,11146.802563796773,25673.629478276092,17583.96065204919,72456.71475379803,626382.8030669052,2074627.0134350073,1743635.8787365973,803130.3339289161,250483.38255725504,104616.07085669594,69858.27451072857,69972.77147204234,67397.19537828915,125743.67845307931,210265.28762645856,607906.9780406208,5657725.762296546,3423236.9201354804,48596.40870333615,91339.45648509552,30200.10310098681,25447.412267836196,16195.302996619968,27095.80947269968,19276.035399879496,12246.000801745542,6773.059647592229,6262.822773182099,5018.186977441044,6118.783813071777,7764.525479360274,8613.818649553505,5968.974612512937,813.5986673177241,582.5907842242393,6616.011210862876,6920.597218491505,9095.321038588369,10095.073217255971,4780.955257196752,1573.353734592242,1750.4896711957674,9053.996044796015,14172.967362724321,5395.527319803776,10713.57972598462,2587.6847761846443,5172.0601282054495,4257.645506523452,7020.250039236464,13480.756618774656,11893.42214434078,6005.414512078858,1594.5483400516216,7487.882148314025,3698.9706862255716,16033.458571669698,10197.101797089816,8807.238029799371,19495.753302814355,67508.99976759663,563332.5782167607,7440.917142310545,6846.297090388229,4053.162142526091,1385075.7706716128,1.3556777023372233E7,617579.0303426802,118651.36132485176,205989.90973011678,112318.18895320798,95095.29724856923,110930.31825952345,203968.54912366776,113565.13132937298,59303.278290315844,191989.33121414765,313389.582121803,330411.9175215885,440461.2770983307,564720.6378423263,945470.0475300453,1210638.1331152339,2739741.4249917855,4632888.933471972,1.6103202012818212E7,1.9735701667743124E7,2607043.931284778,1276243.098802097,761034.234046017,570124.9666468999,741479.6011148365,445693.00434595795,390176.5274028666,36333.84630186716,36192.4676975019,29916.562408630503,47727.602511802485,29418.867805504422,39086.49747409726,54635.72150144339,49941.42532714271,41349.29590622727,38245.79113557824,38192.190635115614,15249.92340192849,10890.858300036314,25942.72673142894,20507.323042325654,21637.579743415503,24795.346966008547,28571.094324390964,24106.452458224983,7978.2534844076,16306.493217462013,13898.650897611173,14387.003543294413,10246.24122108705,17330.59152451389,18435.851987958158,21564.36794345006,9260.566631624632,14552.571815218253,871.4344662155686,13402.482987736515,6189.905298129335,12789.76252962441,25.2
450.8647774355436,3949.164489079978,2603.3436550482993,1162.7368598430091,1049.9352555803696,2843.5547467500837,2484.8986388498456,315.3104701503314,261.4071634795428,323.4198841135601,185.28024967479186,12.484946054069827,444.3891385725406,13.69281445834864,3198.8018909636658,4833.096690968933,379.59151438011395,1548.9058698843767,7.889875214021395,662.2765589535336,562.9906522203212,1342.1815260438757,2971.474904208024,357.9691921911078,2800.5778560648764,1030.593863581233,65.02019686006905,814.7602623141665,614.1772444812785,4130.34045682719,509.3216026119083,2215.0873496326044,733.584073248775,182.6917353989403,149.90878179477428,454.67986073407303,841.8454641418444,1225.5132804419359,836.0939597949703,230.5181158580603,574.5763214214232,1276.8770370352308,226.47225063548376,518.0555347610905,309.7420734124234,4038.542594401522,21015.072766749952,9483.399102494073,323.4556561791951,2529.5213958934464,2951.6748619928194,1258.287056311588,1112.2189369935081,2165.0363343010445,460.3633341134517,189.89734624336486,1319.890163110914,1372.420938861931,1895.7963273649407,2866.928294716445,200.67899760809945,1443.3880653602769,4285.676612190002,2463.6815894092224,429.3961100323102,3429.813961596013,6929.921261846061,22916.397049352505,31779.952823530853,77318.46717628825,255264.39156817278,406317.12303713674,789572.5959307858,354507.6993114299,50564.96810443162,43485.32986670195,29184.003617738243,47484.73386645578,54710.09031444315,38149.04100004363,56733.442117709325,1596548.606792977,740259.4064682563,7572.882487133731,5892.155330188364,6965.760486405383,3853.5108929478424,796.7169890122248,54.555630135516296,1705.2483479551393,77.43448966690433,831.3050475289729,429.8713796484857,531.77196361941,1717.8067469879472,1533.4115766140726,1005.749639714761,464.3416296800451,2781.485428043484,560.4462729859474,4218.283769849127,1503.9857270152088,2016.2646206887125,92.67847335501958,403.98984628065693,2167.407899840549,1745.76924224528,349.94971622442705,698.1986113024561,2293.4524157626306,2809.104394584061,118.3761144285997,1009.3558111081807,407.8201095669052,750.4452273824827,3958.7370798023035,191.24203076868665,3108.1545273658153,3311.215993071273,887.2913814373902,2969.193314319471,4822.215370238209,170.4508869419418,5322.688710723588,5239.181685709644,11566.424560621515,137747.06861390924,10770.348526604219,32505.510889963116,106833.71692700037,748651.2791191654,4956531.645449361,2331216.7945478703,76588.59241031806,66295.84341375498,3781.719802072437,11480.613821009018,49348.13015820492,32792.609776572775,354.2087797164114,6965.554508686022,10033.360193931214,5737.789033803864,26972.020441210443,53552.623845029826,19198.934430926125,1599.6175176648553,9498.70609283883,15631.333407703794,41650.43645424268,354031.1712933277,70018.57378573348,101443.89156699214,1352.6692815875508,874.3624487309114,2424.376809801132,17798.176192537307,141957.08381310047,12176.927205520802,3156.616678027291,8463.994145517383,9102.27049318652,5454.631948445251,8457.401350695513,12482.052244643643,23614.61230361371,16264.99521406714,1627.1777545999084,9072.94868291455,874.7951221771268,7173.588724896536,804.0833109326286,6284.90435054197,5581.3035012041255,1756.5902614279617,367.29183810578184,1149.4686395789824,1349.592852098567,2430.143817568088,460.49869619286335,251.31222540041458,670.3154208106894,486.7334789502654,1779.185351591927,136.33961316821836,539.1482369230716,2137.0936251820294,2140.6647061244917,1567.9655052158093,1377.4321379410899,3685.8321214537414,816.1563755639017,25.2
1235.7963139374003,1022.9232515142868,3897.223441365001,1224.7314553287238,2505.342536773979,1458.4846574191654,113.26936358119976,429.01458360957076,69.60453422199092,397.5631131719631,370.01776910477156,123.3376740469212,2088.8294852577565,1207.2100777657126,706.9153162981426,1053.4516831246744,885.6403429138513,63.17315412727566,1024.5039070780363,4913.592064185968,444.7822933584268,1880.1775717455716,380.4108970967264,131.99770495196597,211.99913357836752,882.0769473349541,2436.9097122139433,2144.391212737619,323.56203878758515,540.3448230502745,231.32088133892884,254.48617180298982,331.7128854363215,1187.2993802802453,1508.3920404728774,422.8400190716419,1535.452921364743,1498.5700704351402,181.97047707486698,536.9115914593986,254.77228612838465,1026.1773094216896,654.4625764352459,1165.1113935629528,835.8244330521718,742.612611368455,889.5988955173697,1064.4365403953188,2358.202630865704,2627.7476792943985,1139.6185559667958,6697.379513422702,147.23012145357092,236.4520325790425,121.81562229697869,1428.1706266767399,1378.853670137849,1779.426763578593,49.55077171663736,2296.887935938669,1353.0965368350571,1083.414224695721,810.0463870879923,164.61916023372396,1444.0809167087325,704.6905493029452,2699.8188204428207,2687.078040162813,6081.966552994694,10283.116177406215,45978.98945591944,176853.95107475552,491063.15088215424,77900.61843115685,42930.35326481167,28212.88915516515,21785.635910945162,40807.15872063754,122129.45074274587,566214.0092614423,1412463.7640259978,536293.8937389676,209623.4896233342,75715.23004132173,31488.311262475712,21609.2519668869,11653.96121985379,6942.585820681114,7203.27349945332,2216.195790404322,1376.814231986668,2177.8951355961726,1587.7139849582131,251.03099274255757,1368.594331854805,567.0678578165138,2402.958923557751,252.05775834375277,1147.8208930829517,1036.8252339745927,1574.9851268106113,181.922840107723,1353.4460156582054,558.3715119437245,679.8671072411777,1253.9081806022198,463.6199665499029,2487.422332968238,3290.2448721578335,952.6714026303587,1839.5240349032329,350.1262583746746,270.17023810892806,896.5313338486819,222.21146924018143,2446.8325815920994,1760.0791310963077,1621.6025724585768,4466.6018994477245,5237.1574804443235,5698.254880339513,4485.970110587894,1474.179341552981,6004.199248365047,6502.240803615456,9632.428339571994,26161.165613283367,23905.186166158892,46655.876792340685,194333.0443374837,896558.6768530037,3225266.2729062946,151954.6504188686,44224.02124477032,18741.317085646813,11304.33033581283,4318.014863571312,8279.417420854068,16380.220024700013,6708.901008714653,1433.0283996020985,1229.8743782413812,3272.241416939036,4249.613391088626,1334.563987985716,1195.1264807336106,1120.4760989699344,2560.220112989001,10046.530300731622,14073.159126557395,6108.42267498551,1626.235310157514,2702.8555208661787,2328.9393780371147,361.5977978128319,4089.803080059777,558.3787072774858,2865.0791336777934,7382.833673035038,1074.7392595420813,3809.0998581264794,391.5688999685493,453.231849468307,3480.625932054453,2757.1606337579888,104.63333402131907,428.81030621361776,325.517914430999,331.9661569708548,49.65513025888949,291.4729406960711,246.27768232068908,249.62267171171555,1220.6099155509048,261.80372649143845,1523.4703695305234,86.899913561324,441.24806508847445,341.33848760688915,256.199963327393,539.7504093533536,390.23797596614037,71.157170060994,138.3685289929107,883.0461102423737,582.3959716610104,711.2891887415125,1980.388364160624,692.7816239008002,1436.4722576570264,13.365973034347775,1132.2245349814698,25.2
9624.389954078524,165.86809684987918,4827.005380794282,1057.9030660838353,1122.3766289808989,3982.7116744595573,154.8902601820629,442.11569893146213,6184.700383667631,1762.497219726219,1666.42869536626,1284.4994271710298,1207.14722073944,2354.804814737625,89.40911036369083,2932.7065320695983,1.9843217048792268,50.6885153360017,14.29095001848624,1388.6571244219313,3441.781482088657,1327.969781817912,606.829645573296,2932.769807573737,5204.427786540111,1113.7122299790362,1551.6719627682082,3944.798294205375,1335.3060031816356,835.0525118546751,5704.478659919518,1165.4974346166898,2080.7739229491162,3624.292491461686,6933.827379474656,81.89157928622123,2997.181616392732,4968.923806092801,946.6938047553753,8350.078743880686,2617.7112508406112,1058.5288713759749,5463.154494600859,3791.790672675477,243.53576091091549,2498.635698951561,6229.721922237767,1470.82377650668,1674.4225977638532,5333.396359804359,4597.966691152564,1097.3927114971598,4803.544046695679,13464.542579224391,1484.411859547257,2959.719763874653,13268.529009143582,1753.4509101771037,8946.34774626754,13474.163704753368,4977.200506444389,6749.851156396826,27498.99573831079,14784.684577508666,1206.288580040566,13501.124161900616,37458.98009824791,6469.78796601986,63551.082160463084,136502.94740752876,587847.4177001363,337744.9256226859,131680.72300129116,67080.82774614893,43669.645853858485,45476.384014936084,12535.249580766842,96789.79116203745,174155.859693883,71628.22930761246,138393.17275950662,1606228.7871126758,3843007.5027457955,1359861.5794611424,1004793.3440385701,245858.03290090236,14339.849170932963,36333.14863754681,37481.051897720645,8761.82243046546,9907.254921005673,20119.1212722402,11410.911633085965,2234.4547720364,3820.043861997789,19403.65232650901,4114.302979450059,441.6289132004297,4052.2481703190365,642.0011888576913,2110.8773607376243,4955.598529024746,5438.675530806502,1072.5516674064288,4767.378752937277,18340.50786404195,5835.50332582308,7035.755693286177,4390.875537623225,7742.1631569922665,3703.260073328091,2464.1019569135024,4462.313451346126,13518.210207037071,6561.35800684462,6017.446258207563,11299.94508873768,17958.505387546964,12595.190263239612,20528.512329181427,13087.211781658967,20455.806952624036,61882.780475675114,23164.50525516146,18181.86410475941,396318.5672555278,859963.644860493,572031.3024658577,50036.3527904838,621139.4904077828,2209972.838206612,1878201.5325529831,1280960.0785201667,952027.3669240568,655542.4019925188,226172.19878871567,11648.305198895716,108078.56608175038,120598.99388080554,9976.441679137371,52518.24387899883,17380.533598396305,97026.34135778717,16175.739834730142,26350.935425596796,63907.59947983544,76971.76925988564,195552.2255731248,2823471.411790491,6846080.576372938,9265432.835347258,6553974.285057802,2404253.7079743003,838483.7466508227,1106254.4274671243,772452.7657763006,107666.64895416649,356696.3620025347,548980.9697108545,219978.51741625892,36724.55856484766,178778.9487318628,127581.94823226325,16175.993724764021,115228.52549074954,82116.91328823288,12911.430299942522,52376.05881127257,37533.7500261329,9545.378204738387,4187.354270790475,28303.553652629085,780.6495768103392,8217.862758692265,24650.989676450514,2771.7426226998396,30015.343884943948,44200.19172510069,71257.31037284198,84783.20895170276,55714.37681866998,56282.49386096365,15085.819245590763,76537.0326425312,2035.7856993511518,37521.5661892107,4049.157343393179,11897.457924901388,22789.536642075815,37160.42478269772,15784.053794282037,27851.025368953193,25.2
1484.0987355276638,7.0438467717725555,1895.4124851923234,1641.2852327985265,1732.0811789618413,195.07183842417737,579.6769330182981,732.3667668871063,315.7845106147736,3416.6134807287326,2496.3825107195757,395.30679752338295,2122.4338959412626,42.929777053170284,1172.8070480084239,59.808160288134424,3761.881274972394,32.652770044263896,1054.0315961422132,6939.866479483613,2550.8314889316425,307.91379656224524,1265.8096268063841,466.1224534073316,514.504604021356,125.39712472200789,2404.9125805658014,900.2726015095534,205.35050327240168,332.40713307225093,369.94736661886066,88.4817120178082,283.13937981737416,1030.6139743771475,799.8245884303802,28.784995902779805,848.3057616966005,1659.0575118437712,226.5215850394731,638.9148735463323,1218.040189959525,974.4111428447111,259.4517624962461,1551.353022899813,605.1956408196411,1864.3952421070064,1258.6862563239417,52680.39161782434,17280.632080709252,482.63986148247204,1298.949777381893,3706.5249824620905,3558.1082607811877,2536.207161972787,10663.594494701221,1350.7450197903931,2380.060563455579,1492.4135765233245,3517.8978465107866,1392.3851953783994,6162.606165674348,3078.0218190393907,3116.565145867952,759.8072300528237,4575.084873653977,3913.921101496206,1829.495250838961,497.2630330881359,3026.2146284322585,5475.581332129441,3695.57172247354,94853.39095607593,3435518.5515786037,146562.37078028705,62931.98484417054,75330.66366994189,93773.51142624015,90141.90308611275,179198.29024560508,1286838.049481248,5827734.020677652,4.212106937825609E7,345823.19640946446,700122.642481863,433659.32862264785,193913.30038519338,110394.78474888226,63454.099426136854,49732.53028398748,44493.09869046285,39509.734033922585,25808.860425367646,22447.770174004876,24412.12552863411,12178.697976131894,10727.357676878008,16373.934049615862,17212.08675134043,9634.12468628108,20718.137914972944,11058.669498846919,6154.966704989973,17325.470877557545,6305.680237406343,7542.530830594691,6574.707394949615,10656.940211387431,10703.044894277233,7796.427016162092,10714.368883291068,13643.172720920844,9329.110337001823,16520.8285140461,7342.594759929295,15084.976675909256,9187.804232034365,19284.903881771952,11935.329402611756,18142.573759496932,23259.2699164789,16798.41062391713,14379.526215019458,18597.209196033386,27761.02386975739,46006.99887105408,42927.629323254005,131077.22665214213,790436.0979616628,397644.06835236505,578403.370688767,6170947.229069503,1762466.9554930984,2.5101300597753037E7,2189002.2342178207,280071.99116293236,92029.67339065265,91181.85640232738,25751.4982945394,9858.605426746393,25875.584068943084,1026.3108132130903,11609.918453725715,22517.653103530454,843.7433816504613,49148.33636392574,17133.358339427643,21866.215832221158,181878.0846121671,1277433.8948414268,857664.214625557,693444.4569165009,477724.2192530219,13264.537604831025,249747.4688375127,22552.006032801793,32470.393752311276,62850.29899836821,107391.53345357665,87917.24394662646,59603.2997743093,19444.864849854835,31888.144347998263,6586.365934474563,43644.4553003434,2701.773022058781,30215.53573173148,15804.550489059933,2671.8845812790587,21851.191338643283,3213.090059378737,8300.88837424706,3643.4034142347878,3557.0634846719613,7148.348929949046,3155.3760886132886,3785.1400687830983,1254.4697077764636,2391.779853491729,2770.98342317205,2340.1584773247505,2995.940850443247,338.19754065115137,1280.7896391415873,3268.515791673034,926.9456967955769,1276.9274552200272,11268.418495763999,41033.6026043075,6623.406627363185,9631.130992821989,3894.414329127212,266.07836831342655,25.2
3329.708009307824,4845.083886061749,5949.259449125086,200.14290329065426,4482.457906323193,1171.6835850545533,4722.596963696405,2676.3695234110455,383.9777954994944,2078.6073680752006,2458.0392569647483,5602.103972431147,2518.5665178622567,408.62952574701467,623.9978563565427,2937.9624473649833,632.1907210402144,1705.2559463863497,4620.303254121175,2569.885405409188,3188.345971039057,179.7454261392017,2925.5530862517626,4065.95405030975,2272.501899823466,582.6363248050968,403.1354615216701,554.7409756493547,828.6844539977747,2752.781408888334,1228.6098912945577,3275.8535016546452,402.44427602005476,6421.21130730928,588.6783993326799,2708.0583891747115,4902.1005558507795,2889.801517671551,1030.7820377382084,1031.7415894561047,5809.462592259337,2283.636804057721,5805.005297836597,3115.942809190874,4406.98061496897,3318.767603815572,4000.9761050995667,7597.307056936577,735.5649756537214,4670.431393235947,2434.845472803217,6664.721876198682,3943.4709113287727,14000.866870025364,4806.49444076279,10703.92565904162,3664.5075231043206,9357.544554093136,7172.252814865184,11130.221337575069,14177.132572643804,12728.46119811628,10943.851848745924,14474.943868630888,15365.935910938657,18692.517211989532,26255.301899452475,24979.248110700813,49596.20554525725,320321.1238045855,184413.36525971297,259269.5143808049,177253.4850838476,105751.86014808851,65044.95096652453,89153.86557580484,133365.07001763867,156749.4255026851,246133.5139918721,527188.2880340896,1568781.6454783066,7660669.442937791,8834415.644203156,1.2031136233271156E7,1433874.3529302697,577642.1394163433,332594.12389253866,184527.57160701687,145458.71983129266,112618.8749721265,90116.22702891962,67400.26903215109,48836.378985374395,43121.41200792292,36760.48335098773,22189.45334279183,26466.305533739764,24020.34135763167,26511.882459866134,18341.236767893457,26189.079574293602,19328.44584775221,13708.865154099914,16864.81392885953,16451.903925535866,10686.41796992551,22097.80870189983,14813.404304251719,11580.513145603956,15052.688750521718,14126.66287742236,16595.158362210073,11208.050284884626,9268.947710975768,10904.121775938558,16124.912084198906,22955.015788275254,15198.609155939235,16992.68294815546,12072.630714244147,18223.007772012228,23485.53553975444,25462.866827467336,13672.413154396178,25145.850937650917,17969.925269166324,23766.9962851071,110210.00974025096,102967.92275733188,176514.07965448394,739564.7124939334,1.1417354399975967E7,1.1886282305897584E7,446739.714636925,160641.9634300674,47480.1431589818,35845.8948612504,19175.247197437035,13642.909075571804,14216.781770944675,2478.05133823039,4246.790499438797,896.6501826931694,3282.91671820098,992.1263175274843,1198.8115454134877,2458.421166045206,224.86167465839648,2069.0041817387905,12050.789797110658,21211.483847276315,1540.971338120981,15499.073786232559,2580.386234723292,6470.007396790414,3383.6412783036685,5937.916602058052,4593.16083815206,24656.956651193635,141.08352351785518,523.236211176569,98.12312521638025,566.8948282303961,387.8597483915745,165.05744885981974,1434.4625100924225,238.85572655605966,56.27617494907103,376.91091311676985,202.2875129437587,2160.393008945252,1105.3658025157456,117.52117764053814,978.5194080564738,1476.2115357175617,643.9378982624727,2176.1917985091845,1978.0181421984735,267.0591788374615,1010.6878983825164,786.7427663288421,276.56682028928105,529.3796293062039,65.17871653632966,1677.3910005195673,41.67671396975207,1100.2086504915446,9905.801047144212,20989.46405198382,29.625695228514573,1530.4447789183087,3378.1610305888926,25.2
531.6490963382564,4354.393880304292,660.8435626728333,107.42610696201305,168.1872965815777,1317.0571477512956,166.1499118361075,2619.9909362413555,1089.6237708274627,1753.7587844470986,1694.3656993852999,641.3288920637608,1831.6743839818687,87.28103099119677,334.0228514299247,1809.9908464490036,483.1648853690644,5756.766731317526,1642.3417580923528,856.2426031038254,339.93236909429334,298.18093186065465,663.7780281741643,236.1616033633722,364.7351655838058,2352.5067101432637,2020.6167270331903,28.01615767242376,106.59854574146006,903.3216156176476,1647.8902416719777,1675.8411898978466,1178.99049699362,950.796458662385,48.69143185313712,1033.6558464741447,2150.3517265564406,306.6012170528307,1239.371109567614,3148.1038799752055,5958.960529419419,4358.03684531975,106.32433533850948,930.6556817936987,2757.9140635610065,2114.4428573108835,4255.181628023538,2113.581138059528,1925.5458656940625,1405.9620019948206,1969.0106188550576,326.73619364448837,2758.95263885442,1696.9256016921383,962.108140283619,302.4726532487474,5704.966907832049,636.606640454761,870.8165791926774,978.7351065571202,3056.2637801045803,1456.9845094930204,697.9180592078246,4852.5290612137005,5325.825257070377,3051.6961063511176,2457.5164164392677,1655.9501105243578,12701.420157390457,25018.494061179263,85459.50656732815,191134.0120823155,201292.81482234545,43133.04223255699,7661.356839758899,2413.5453468188857,803.4250747666349,3490.6969990365114,13627.880255626571,16749.89148475518,180676.87522892337,2357100.3072691215,7141004.679466419,1986843.9308419945,151583.35443926355,65177.649514101155,40703.83670160109,17857.014110253054,10641.516272556306,9085.497619686912,13612.419214219157,3328.610044028344,2728.976876087952,10561.900996207307,2500.2861465965566,3192.328832655855,4985.945384448282,456.68795001309314,2684.2482630971745,484.5964836301953,1264.7841987585489,6621.140940711545,2700.9969086232945,7118.922006794144,4727.410081776519,1120.590987789307,9896.892901142655,1748.9562313360047,1069.175209481312,2857.8158637238685,170.47866248382837,5071.877892846719,1056.4664435116704,1344.2527843989706,4508.184106910641,1937.7291260705936,1997.3171362609996,1803.6713267228977,2656.8496616373845,4347.812000486287,1798.2124911640665,3693.5851223374766,3313.2261955939875,7632.155258553119,3709.3252559630396,8177.427660114552,22782.85975216156,15138.585140381954,10096.228864909053,7355.596952148437,19176.624819472563,149846.6371657042,4083840.670785027,6124539.539871489,430099.0091437082,12435.652552690153,37114.43165543142,6208.26589331623,10715.917297076408,6521.798444595611,892.2283977436938,7731.502440121865,16860.998791814454,19058.946442100296,16413.26077643512,9836.128584858476,8795.108473917673,3829.4172795383647,1584.3255685014542,2122.7181365802767,317.6303220285714,735.7031198919265,1390.3243170081985,3179.5341646541847,49.45412465792433,1079.5347340771075,15814.555422538213,12339.139286251324,286.95242817226233,3404.7906539469977,9549.65337998077,6849.322087608143,4370.801793925401,7702.632275660194,4531.719935730533,4166.676223051865,281.70064892338206,50.09645113748983,2118.92080627316,3488.3720117391854,1191.0237872540629,345.11114042878637,888.5268703651569,124.27820913428862,327.2538890415008,1791.3676093875324,122.13399061375952,2896.377517140543,737.9921887071228,251.40073325787267,2739.587383601326,857.2011887203403,2768.280817106786,183.84658096834443,316.3344015209842,1081.997133438433,347.74343983171434,1765.6858253183757,538.4728638339376,367.53535476911856,934.3790169774134,1136.8495621811908,25.2
4895.150953610365,414.83066989788455,2527.6437068217574,1815.4916960962378,9950.14171921222,3092.9564699307516,704.8247744278036,5538.26072336811,552.828809030673,1315.471084058297,2254.485610828394,1350.7338739000525,266.36873917625314,899.6715753861716,1025.0811123600652,1210.6327057199844,321.09789178891,283.0387486756201,1350.5590293696257,4202.0517071764425,1430.6269538751712,1888.5878475549898,1095.9336107153754,3944.190604859574,2394.122638396549,723.5178583630635,4766.231721073468,7885.213127103164,2995.959038370414,9280.810588336637,2545.3878148858535,1633.8352186076445,1541.2174043130608,409.0053641538031,2284.555209017544,1664.8781390921736,771.442745179617,1483.4853452239583,2184.0698282696485,4202.677497732794,1150.1551498084566,5615.922055183348,5805.367519345919,9332.695571211163,13534.513471108043,187.0907758556718,104864.64390610889,47317.932528159436,1811.3186387318383,2302.990835333741,2743.7635157431523,2418.5159320261564,3969.9469697334575,397.9219765801596,361.28471234896017,11932.674338384546,2002.2776866003946,4479.904123493444,12432.924694693098,4756.10786785925,19952.826337169718,20707.174986119127,4979.370840417657,27694.381774024554,66867.27260053856,2524.6088693288953,116163.66295261716,140858.90832611563,9165.820638048435,663528.35850498,515560.2688734317,8288105.824578618,4191104.0067734933,82872.16537722967,155241.5586201366,35381.99348177966,111916.77888703978,62349.1727902832,136848.89429212248,26538.5474027296,1531842.6185757192,559925.1486675093,6894534.815260232,2439515.3865621723,210057.00505654598,120237.9184498853,162645.12161914547,8872.32816460865,60170.65290526826,53113.37688464178,856.6429741989962,21396.626478211572,17631.854220208465,4179.940793813552,12412.607755585035,13835.440270040315,86.65502704650915,7457.92439339029,9136.41035567233,4848.30465140684,5949.946088972483,3678.761112419298,8570.192790774177,4846.802372280502,6348.786325129542,13180.95801296055,8594.768297232044,4790.054569817181,2926.977583877053,4652.561826717622,11412.182702901453,2765.526360440005,6161.315256740842,19998.551667294523,501.4029745744092,24652.77814214344,17944.99197985007,403.53441773850045,53346.37411223897,3698.1207118371144,16315.020031648724,41993.08022946038,28045.873520881436,6885.8393471789905,88532.35353960741,88404.12301518636,956530.1399557025,331156.4271756522,37311.32721342248,444130.94091596396,3706682.2616397995,5407081.911618059,4375832.408567202,1845545.3177310487,323802.43528681376,57805.01925159007,52939.37331552649,68783.92064913147,31884.21084641875,95495.10785634122,14685.39189027853,6925.790957705023,77084.597182992,73659.00491724096,122481.42927224645,195309.39897094236,374642.29309133213,1317373.927558138,3149502.8751268163,1.3409133697438035E7,1.2088082046543805E7,480138.28083525575,603620.5284688495,606313.0246385155,504051.8231432471,378806.40034565877,135737.74085645832,42271.059162546124,698454.4626559543,76781.07606878786,195737.09032124828,128360.53558723672,104809.59348578373,88299.10433391148,6623.641988579071,30815.52299714013,26998.528628344702,927.9825022520756,8281.42186408958,27257.12466456202,6770.383796303344,26321.88567424895,50326.38726535678,31927.989287352648,69195.39613190392,33047.967284138074,22782.33330530067,58733.1846322802,30399.350291489674,20417.34046803565,24795.28150272978,815.8295667493087,16655.05340258791,3933.69433518815,2232.9784225101685,40558.09862190728,1487.0178056197533,66488.20473779568,47306.45880153888,35523.20410758696,22421.993772588015,73158.29962660662,25.2
1640.1142605278396,622.9923495000503,579.3771857266861,1399.7977731572882,2008.0099714166793,250.11825972970337,129.01787085098783,344.26674027344245,816.2853688437159,260.189939561148,1731.1325543100158,175.7355212761587,292.76974281578214,1098.0579959829092,1324.813424770654,252.07889155312841,628.9090426993176,2890.098200889846,189.86789614009234,3022.2766314078854,131.79240377755755,1549.0666873261175,304.4451493023677,1389.029248081374,1363.860613355935,908.1305997153004,532.0243662188543,689.25029935149,986.1554601259335,7.179963286250985,123.72955688782456,4495.824199100579,5.07978816682863,306.76078764268635,783.2225099272641,1105.5121315067106,608.7565902246952,527.7808047439368,263.0493832889324,615.8546427294393,3920.5863130467155,3496.7320364715897,248.62045832735703,2144.007930317056,3805.3749403935426,3792.1354857606375,89234.25146611201,11690.82429345843,10184.212965202954,898.9967885688301,126.20645844006289,808.6078819993475,2016.5688787640527,741.7633742535149,366.37142503303426,174.12408749867478,762.9781554329636,687.4907711271482,3937.589259084731,109.40067911479434,2849.2922079186933,2808.1098152498707,1940.521459735663,937.4565285024365,3988.7574680576445,8031.0830758232305,9863.503134020066,11728.232298062496,23857.133771783043,245795.96476808144,1.1836502729075542E7,232297.69412875792,27251.854388898613,59897.36025995196,45324.33369281146,62514.96016748661,45535.14151295486,54967.31809155841,77949.45876925609,114193.60563469442,182800.78925206984,429803.7541942849,2147496.6450233334,7016589.414985099,306026.85089527676,144908.32131688547,77027.65021680832,31962.295599121113,27011.80020202427,26419.244240178574,22397.34265945598,21937.196618497248,7950.561707105146,20643.768033624267,4709.616167425261,9582.482639212587,11416.55792657504,9101.041922386632,5069.230244310457,7207.318245637438,4650.201918761578,2555.614141389372,1274.441877517717,1628.7121157999613,4811.768431980006,6677.096117942032,2265.7209086124185,6532.011552104517,6233.598290823966,3213.750014742908,3231.2896090169183,9642.420894364317,3439.128567183136,7219.711245490002,5874.878825634938,6586.020029668242,8669.126123887892,6323.217624182313,7614.508425173691,12120.616314691775,7965.53162336269,11045.86309748934,15518.490518362847,14099.151204578708,24081.39418554566,28812.189570803832,630886.1576324956,154199.0570757726,54632.99575565599,79200.51517020706,344022.66511134803,9644791.820460666,8082255.542867595,1833562.886512896,142056.34795986293,33059.87618685597,22007.322136730098,18636.363885328967,3856.85883305348,41402.82436511449,22694.46325233312,6638.4314695993735,5442.506832320339,1288.8578180962445,4169.735148627559,668.9306166610342,7287.344379402144,6390.563478736239,17036.50796836697,43902.09077432455,65793.43452093893,112829.99394992836,164554.678417927,71887.75786296658,30479.130164816615,16866.727225674036,28139.564893888783,370255.37095847307,17230.78463076828,5194.704354559841,5478.533169717246,6339.0687760012015,7287.549713978723,570.4488665438239,667.1401213552051,4496.961669273157,487.27827102252263,5106.856191503959,2915.956129881211,3945.9881544404684,2757.6704930027445,945.5115322607052,1942.4666040339023,2166.4709590737207,4016.9892528177925,1506.3674666039617,781.726050269597,12151.992751013626,2396.8189374707754,5634.467103703141,2687.8752784656267,2720.561206545535,4677.734770029493,10983.671783321082,5222.3707454959585,1657.777694966749,30732.35858294634,6221.148329873964,26612.857800393387,19780.74020377185,18038.801489394256,30841.620998366896,25.2
3215.3254729838495,459.3690591625615,1487.7550073037255,107.4341159287811,1996.4743782328383,300.73511754363085,253.77599098062691,1648.7885041177553,797.9928303293908,2382.2635897748733,49.70462204949345,422.15489894060715,490.4135940454884,560.3928100799163,1121.9134297332753,379.30254398244494,856.9073526556512,1356.7394668034299,785.5387351510055,728.8714482969701,3005.949465904847,1836.601660496809,757.5639883334345,56.370717893330585,4243.235663345151,27.27280224880374,663.6722999364638,427.8065894030208,123.78670278033438,1736.5948670648158,2931.4239939071917,533.2456073227188,376.99401040390205,3066.6342206781064,2199.587189544127,349.6899837424493,445.2142337511349,3405.5091537461403,248.83095235888212,973.8041849704389,4146.184753066876,1115.8676662498342,1489.382758227821,3125.0647801918676,261.2965996757353,483.16459596634877,10563.482901499603,11637.347669048151,1532.748770453441,2333.365172350123,1313.2469251477362,1757.7860362641018,3260.215347621196,1166.8480288136025,3191.3861925800534,5146.609118519197,2149.6480329125334,763.6520277441115,1517.8454368882383,3086.258509516055,132.16603214138846,1804.4674905074544,581.8530777749618,866.9860015434912,4467.738762435492,1479.1588026772695,3161.8819841580953,4996.626304814263,10852.894493804342,23769.485244917836,78068.91286967657,487301.7527626041,7599223.483500784,820719.4482178169,37078.91210457186,53633.685832672134,37753.584148169524,33208.322985747676,58973.23545866674,89069.81146011903,670269.15367373,3066265.0671727844,930436.8529038047,176272.42130187264,72969.59585628728,32134.790364660672,13822.21893497453,8173.644527557997,7327.746774377021,2246.479516820441,7274.741412230373,4404.570608158759,4871.516075777246,1760.7543830646136,1978.358177410651,2056.301440775297,4252.630537906688,401.6787220997654,847.0398974482935,2511.3384235002045,3174.733226424007,860.8361856748384,2038.0992085484427,1361.1234455469305,410.6435747675425,24.747631802119486,165.92934495964468,49.42451537385407,179.7154634786515,410.78502633632127,796.9210399685367,184.43986940138024,836.229655386096,3.554959628524414,2070.533387258458,510.8849751528462,1324.0254192372902,104.91108703369113,430.77270510730807,432.0554772873309,424.9738095230653,2527.673250363853,1025.430475851519,2385.2501515908684,3865.1424914790177,2412.983888421524,16828.445283107932,25977.75626196717,17916.821072729494,61765.11464791953,256627.72496665595,6284654.531831641,2477816.6957182954,36475.172028593035,7888.455850757939,11530.580407350802,4721.4446121192095,2938.2222654439797,88.08148352234956,1630.4812905329666,4012.7665265782607,1313.0973630521823,2171.17729659071,126.83118173941654,630.0240139112783,1381.0828935287445,6319.015518160331,2226.5705758069907,6227.225351292658,2505.914599298628,8531.891028599786,8111.922366942288,14460.664409058953,14365.852721140283,7311.728325164852,2516.77137256682,11049.334424519326,23623.075067716625,16621.07383367868,8427.677796817241,4445.727237292703,624.7285107488318,1557.3308810651324,3651.066510089295,1467.8816280175993,185.42244538461296,406.82390193735546,917.873609175322,2734.7720598721517,658.9088917338254,369.28851240969226,347.6810368740936,1701.7872731449731,2243.8736198549777,1756.1470005709841,88.71332458150152,617.3236045528552,75.44120636368774,1860.8191383044032,32.01428575792888,1670.6025034091053,359.66388889831444,745.1223911943446,1272.9398617716718,76.10204744127223,235.07514562468262,1428.6572888928945,13143.798850864658,4366.219402551382,3.631285560935959,1663.7388439898941,190.37130274770658,25.2
1713.387874431789,4192.944788393252,4064.9595700481223,682.4132408966772,800.550813956421,4344.280202430863,7871.171241558558,2623.630897117439,1623.6479587779563,1452.8873033990878,9155.577905949038,3265.099131813759,1281.4887915699396,3671.9219264917774,1044.557251443071,282.74282143599635,5878.841511690698,5070.002022065704,1642.0396980237979,111.08935862620923,3519.0293898797104,4642.952190752517,2544.2491557471844,39.0984319798615,5783.502141438721,1485.4487512867827,5738.291220572475,1135.203074359701,6150.240089169411,3867.3555706660877,4469.5688259569515,1781.063905642098,9843.02737850587,11419.490701378953,5045.346670212301,3832.080396630167,9952.00264687369,6103.912609402951,10750.364276867775,13811.092331976068,18944.453741121833,1586.3716964412743,6884.75059716969,15745.735117962106,19576.98767604859,11314.399358491752,10295.567571570837,2796.908776596484,4164.674220464399,190.8393398685693,8172.790364307515,8621.31422416532,5482.888113689147,3432.576176990496,10288.345201820872,4343.440552547374,2687.5921388149836,12370.50960799029,17770.565705210254,3766.7391209905704,4701.427182512917,23220.22786620377,16303.60010329743,4002.2585447617657,41204.92676980328,75628.35763044386,23840.169057972835,43274.761570239796,241440.2739992204,636089.1397871294,1249591.6775264784,341766.72761300125,495599.5607884086,79541.12944675802,78661.9179840218,16014.563088862637,8160.890263446898,54284.99008873403,54073.80521625083,34239.48808956779,24869.359426483366,566423.3637315831,4127099.903147831,1694.810527926355,22647.78918112235,70068.51280375468,98785.31892186936,54113.18767627851,10950.068808289108,20303.740139253292,26748.289296034487,15344.773296071322,17854.939261738356,19883.476461209484,11399.816563553188,6809.7539356827165,7102.037826814388,4175.580677936693,9314.107927448884,2497.132091865523,4162.882616243533,3002.0301603136136,1674.4859226826356,1965.2925676500754,5020.125399058853,4052.0767355746616,3816.1179814008574,3751.9092553161518,10711.99510878384,13592.907879488692,4074.1400479071053,9190.279591247701,16511.678325857927,14364.392807833246,14861.997029658429,13917.030215597842,13471.389096805711,19196.71234108495,26896.946731002274,24134.00128579498,16974.58715019833,28966.148535290293,62579.790804165634,47896.9890279697,33048.9592909183,127325.65680317709,182720.28515686234,62685.79429894992,21679.20829682184,388908.6447171931,1705259.9495002623,586866.3945990707,3090713.3541732645,247230.75951187572,58594.37975024942,86783.2503055351,83264.5784856994,70615.33985001875,91364.346421,51120.087319834915,18955.159795977288,93720.93853893911,119089.68306795796,9204.605385275934,90788.43774798032,407417.96575414063,335084.7603410467,14802.697878076373,548155.0088446911,2794632.5185600948,4749463.123673625,4632885.3728434555,2425378.422098011,399289.2373903632,51876.74661924812,286358.4653967439,219036.4549993035,46640.27132321107,107631.83321452714,213426.30330770585,135049.04701878421,47333.55551946422,92154.07332773489,87999.82134323983,42047.939751307305,49737.52257843737,86341.70806117936,82866.7619025519,34071.77491757147,31437.083476499,35428.839264201255,23530.75881938846,24740.375447323495,58729.95204381721,44803.353307502635,16011.388458760603,16186.476897348923,24395.220414277886,21410.765372839902,12637.946325562578,18969.692706149875,26499.541861412916,15233.518876489205,15232.240879790734,26855.146871598725,23029.605568586347,250.76557034574833,18603.56302244646,31017.971907605017,27944.941821123313,15537.196772767049,1931.812118609829,25.2
1212.4762335009475,329.8881885506062,1023.6905236352202,880.0263322563376,2400.6878086610386,2229.867739624206,27.982046792237234,1390.5517914999787,177.58007801550008,201.97774658268168,1429.2882233882915,581.211847165523,505.29764898821065,251.63686438963057,853.5229882611516,1988.6747165347522,1839.8943421992603,579.3774013711281,193.29009319654148,3833.1919503364593,24.376250277086516,2572.8587976587833,525.0767802641556,588.2993936776614,11.626664548766739,385.0212896834449,890.995825995966,126.88169225156925,288.2018924012324,347.4679188063261,2019.3934202945663,0.34706870811599533,469.43367718178666,1371.0583187663842,439.69327536215326,922.1655808863095,214.28958765675674,1490.9865385304358,309.5170673448269,2.858935275017401,1591.5284453515278,3315.3714059292106,803.9266441312882,1673.4716538025039,372.85447977636034,2643.916196295564,8445.076472650095,9565.994785378201,231.00530259486163,628.5683635283295,305.33879593300935,456.9202624395308,302.2376420226703,710.5152334447064,1576.6527438024602,106.75109258761141,134.18603554016755,697.577335597854,3304.163905740264,1233.0838382047336,3113.9054699286767,420.37409783960777,2458.6097186053594,6209.755216633398,5387.392548889769,1411.556746373693,15418.201235499768,19795.49622216992,31855.104973018893,378577.96498609724,2396722.0977276918,4453108.819404085,1884996.310843048,158350.67741329546,25809.79386140463,8170.1650653527595,2879.5199646121782,11408.382346504035,11100.080908816117,54670.30622238283,631021.3601432364,7511858.108163944,1102675.6397733535,12178.802774437276,40429.717449524585,17936.24279743106,8717.414747814299,11791.975363497582,12123.642843018939,3313.7360103406822,1697.5908011656927,1289.7633425876227,3899.999928650755,3332.014944652729,4621.196749217772,4161.412391262221,1361.0642562267628,3017.7358385295224,1867.8936571319107,5648.741943921265,987.869634687069,1450.2408695880201,3785.2317336344618,4228.72147454606,2926.0187750098235,1976.9117260725336,4593.610425022882,2475.502048667652,4785.00155322509,5740.617632548569,4688.315142769708,2365.637748107454,1473.392229567159,3583.5111659483896,3802.1086851644454,3682.11170954262,2463.8416870649776,4672.567146180337,3831.7247922801807,5240.285153257985,5725.85359941547,6736.1355012081085,4156.896916938274,10532.345662587504,13851.099841970736,18656.74675871606,99508.95139391783,82279.9153317541,47824.72093156903,133687.6534969441,334563.9500942677,1.6166363999850769E7,734928.6590295201,214138.16423847122,28738.436367882503,37634.35529103196,32684.391409598833,11109.442395345399,39937.28327607465,6336.154587175479,14099.258038203656,22740.26318497491,26631.03693197748,41908.88637323462,39176.10054600852,71071.71492166452,149659.2834366429,172389.72930592796,231204.03274075728,4346718.492418791,6217644.353139298,1517679.7193157903,152618.80490191947,290344.8427270745,277846.13685576,96824.80819585598,67920.62898007176,113924.32470777901,36874.128726241805,29039.882587909244,19856.524116862412,21527.089376170814,21458.199441031644,12953.918370533076,22159.514397436906,10473.163610544712,6688.662395909054,5995.072036764976,4493.845130690633,3482.3737600384557,3058.8777219018943,4590.613762435555,3740.724878613168,8899.75660961463,6699.395473310214,4507.185208599048,4435.108406733607,4546.692443609469,5301.8916468244915,9052.16872178297,2946.0899446270123,2881.628675677247,4310.803739886812,5163.603266350481,9803.83283067323,19832.98508660646,58059.62355616075,26592.427957021588,96289.79707019584,1143.755850696599,9845.548869092278,16185.26640662331,25.2
884.7422654783522,12610.984240875614,2795.2863127214678,549.9069921508626,604.4469322398588,250.86159878592503,1755.470081772669,356.52140250023444,598.5779472675142,331.97395591000964,3743.8583554459615,2710.0731931420514,441.84384806423145,1946.7936796033293,64.87410940406303,202.28454501228435,702.9305984192962,1219.132679821421,661.0543127205838,746.5313794751036,554.8044976197734,1543.8061755722274,1999.400837806239,250.74762016957428,217.89970262174114,1028.1829699872046,603.4076815030555,214.874344747546,753.2412006608245,1048.176239499651,794.4258757161899,859.3478167979582,2005.52489345116,255.20940169618757,71.75235522350866,414.4871338779035,127.61331340704847,1733.194643387337,906.4224052757279,3829.0836977225777,144.95645636518964,1158.1427064194713,193.60421464236322,451.64673556773596,393.6012640855008,173.5501188168111,1044.2221284093866,1523.5921553957241,846.0295730317158,474.4670818602407,137.03344262525968,1808.9980248750599,273.3130899342409,1184.1704553187656,2335.0191523469393,838.6661887685325,1936.1265356169863,977.7333880757658,313.7102749221624,1774.9621465329913,471.6642058805637,101.86380636478731,3128.6707006076103,1500.3886081238172,526.4386477193788,4065.4395638599917,9815.688787240415,3128.1300708043436,10154.976803109319,14006.666700277807,26700.621319858717,55051.32541362735,1707466.714306833,255017.1910098624,41289.443861077336,13128.945468538042,4615.967036622882,4784.742877821852,3988.0487182453758,623984.849479041,6493996.823081947,315284.8284021624,610398.363319409,357990.8618541388,142564.1811118167,50090.80581114293,27839.20410107917,20099.618123279826,22026.144204738863,16533.416389135047,10540.693292890235,24061.968627948787,6564.927071063219,9533.122000674906,6978.972674804336,3778.2096121382037,6624.728707152935,10348.911184602095,3186.8080792204155,3816.2296187557386,3581.986022932033,5317.223069349614,9333.649177271962,7396.447316844095,6549.733755106881,3420.521635228901,2181.982413486589,3187.5451309464147,4820.399702842007,6866.655571715246,6966.2362149117225,10199.352612971084,6431.491722601192,6598.4216095284,7085.805093590416,9140.57242560279,14795.037724756958,10673.190262659957,14507.794662859045,17613.39233140182,10931.472234941788,19669.897813924665,17317.03126053394,27788.507801521977,33432.90413178119,53286.563332037855,117255.76208190592,122836.9120891919,163374.0406796959,378339.8609674937,6331738.106396326,2951242.072787166,2471287.366400291,732196.9056071772,222400.6432918559,95718.73421889235,78669.7033000918,74944.56843407497,33810.638199046756,35105.26570989139,24331.424489106877,17189.79842470816,22065.203880139128,7612.583801188286,7416.151671314445,8214.955249231318,3258.79126553028,7968.775862701246,19222.913368586036,5736.07499333942,761.0108942888008,46448.50020602694,1485.0561297744532,70301.58424570448,27216.416673026637,4642.970704284065,5.447926067235347,4452.071624372445,8569.193766940116,625.1880781670623,2462.047203919293,3226.935900832673,1810.1874422913907,2922.3498132902096,2515.406550489707,759.8738115056882,2615.2638028282263,850.1242569925414,324.7699430742186,5367.611809231191,1846.4862613374185,1197.011756661873,2559.917114257418,223.22124268656574,325.4302941734424,3529.3194543884297,165.87807540183195,1016.4600057894147,1558.6527276505635,951.58252342724,994.3148600667511,911.1984633735631,2711.3302960475685,2952.5583092592324,1721.2176191713684,3519.2894833435744,3714.859152653088,3462.408411148725,19587.219642647517,2632.8898003275845,3202.8269528643505,8692.813615439543,25.2
995.0127484273162,4335.03692498523,824.8880485199347,465.27332058139575,619.6736929434156,2036.0891087883213,4018.2772625914704,3586.6638442831327,6319.808362776141,3490.36256106944,1780.8058375036085,520.5599630404771,1309.5219751221282,756.2044460026613,2449.2258299881305,1408.1566586356523,2067.2283702302566,1561.053647678733,11044.106844869377,411.7469618490758,2621.7542487770847,831.4611049442364,579.8889324585372,1392.676933157391,2450.8616094546724,6536.192681938471,2721.3568658765043,1248.493639446821,3913.516959050095,27.660231785463886,1689.2548969913107,4624.657678134341,2201.59873827668,5460.491628582841,12538.074773138822,8590.668757434354,3551.995258728466,1529.2702298523036,582.0443752282415,2397.94159741005,3888.3882955878503,6751.7964517199725,16648.616677983526,10673.467459720418,5612.774066726498,7460.387511403833,6816.3556996409225,1861.6420082980073,4372.147488092531,11066.675106402618,1091.3951762051408,4436.716037236339,2229.4317707254377,3652.867937196393,5794.299474858569,4244.45755655798,5991.779348888756,3377.872758373058,7189.346689289394,4546.687700625805,13613.13826359103,7424.616421930508,3881.65137005507,8375.036308724564,18393.015722284406,36648.956219798914,55378.42205889215,85280.12323112763,152878.7022152063,281471.09064883087,441123.19526350696,312119.5775756144,210863.00573787407,133308.03761881974,61957.9737540096,21050.998612265197,38157.73613257407,98532.792207396,194031.21445196483,279851.1305813492,596135.6918096555,1992720.0871251696,194380.65099725206,1167040.027014772,458371.902031654,254511.5390643792,143090.29293871773,79700.90887981474,29981.884304501542,12983.46102903986,21669.23360171704,21977.48402050217,33787.03157584097,38013.527176642645,27955.023268406323,39924.983095503165,16464.73533005002,9519.774169526529,3844.0095450229855,13346.894387114524,9659.935542878791,19593.38382412549,14698.099482785274,16861.33107531475,12049.923713963366,15728.962359408397,4507.631439860211,15892.594499071818,19589.131612482095,33418.777975926736,19448.76644946041,16134.490079590454,11668.414062559043,4390.54946579908,168.18268365974083,8623.842170552995,13195.857805181806,38204.28351229914,43293.581238711544,54178.33773496613,41977.90740087088,6289.54266670883,2919.222481315785,2696.8864014646747,27410.019639466824,49064.73651061961,181767.79168215627,268699.49035749125,307879.8707265349,269472.50747424416,240922.04030143295,8024154.179642806,480053.5972553395,149669.07972197057,52989.93104148764,24320.58442717766,14968.261069745113,25647.774392508458,19841.616710676382,12560.834408892148,1740.596477531435,3059.0673382186783,44853.776041830155,122347.82867755323,244518.7936427685,446016.7324599823,648008.4773294335,852447.8441974618,1047753.6328533094,1123781.403715652,1106365.40492637,1011553.459757696,905308.345344229,666680.8067593714,448704.86778668145,275611.897828538,151324.0380984961,51402.904368625175,30657.674127644703,49413.84898344327,104671.42132773974,148005.18384449708,153942.31194168836,131283.20551883,113274.93341404128,85018.82529087152,42868.21508246208,22834.248301678825,28783.093442467016,25712.1933564808,26045.60837666709,52022.47943297659,47607.64838872966,64262.05887199928,42669.84067435866,32355.724061172623,21138.95428300312,17599.299962428275,8226.367428457273,15494.491477294736,15610.442008807418,28812.466328425075,29521.4479228194,22524.3822006948,21484.988323658534,6549.84353914668,7808.857546640329,2476.508520955091,5068.573227626282,2202.02513486433,13487.297588728301,14923.147453765296,25.2
3092.8677891341295,1364.3472200374472,1291.1958903575262,2733.28472696056,1401.3445461010026,4333.3670022720235,2282.1923273426896,1196.972241765881,7612.689731948151,8406.845714919586,4629.618161787411,2067.6003490645257,3657.8988686601906,835.0266135067693,3450.04855839077,4522.360734527416,886.8407806922519,3719.526807952325,2133.881797986216,3883.595321394851,3060.4582025876653,3468.9517794702792,3608.908830849295,12937.887139291459,2223.4935727089864,1166.2537499004266,6998.821713623698,1442.3845377326631,2150.616511360493,1247.091098506843,3385.7111246123754,3853.5212072141944,4058.788307450366,536.8970903258687,3355.8594450459254,6997.367514243525,1984.0669657720723,3068.837452596917,4302.249770171249,4845.475764950885,3049.6188649718197,4122.773333779822,2882.3782857231336,1410.718522373759,3318.2639680296747,3904.7844419746925,18919.001175372705,24404.45750046418,12805.553492694711,6089.60335225401,5137.704335267573,3410.548411920445,9750.869449720922,11941.87179613826,3375.001952693342,4369.7733647380455,6471.1022842032,3862.9209434155073,12067.04846696938,7111.158562497998,555.7789600587387,14585.447941449744,9781.054577129507,5558.187239395755,13205.254334941463,8988.632595472754,7577.541001444372,15772.092058736007,10772.785884401092,54688.69283031908,272845.9345749025,1659624.0169624116,1.4354001593069864E7,5322871.057733681,91170.8624442351,5806.312430388211,33740.7678627476,49612.47736595826,266044.396488797,3525871.842158975,2.400778980389256E7,4125997.3590205666,937177.0400070322,52430.87441293023,23560.680296550287,2430.713142306964,3549.0333088980115,5459.371255711059,5764.965441864559,751.8847455611404,6088.924774800446,229.41283759721736,2935.8017345766134,1866.9689507846517,3924.945157489388,7786.256849276094,2297.615139713298,406.78809099638454,2234.6810608031305,3886.4512256953585,2212.8803587756997,2360.266679938943,1680.0521006585082,923.9962091370218,1897.3942997104903,908.9248026437838,4328.797815217081,2349.4958111559235,4866.751150689359,4204.032900306639,874.3971638908039,2553.6479327708785,3213.1299227296117,3615.678299806684,340.77473288412466,9190.849523719637,5187.289921543224,2712.788288424342,11014.249801646867,1700.515087964277,3078.8407804698218,4969.342167039562,2866.0969948553757,16457.150101302635,20043.715939517344,28180.734686024727,254566.1310299449,348627.62465244805,355835.20276176836,1202383.8589150845,3093523.885037017,1.765376874462874E7,675430.3211765194,46476.766240977966,34244.05852428834,16509.908688717827,16810.99530763631,22161.40391160858,25334.1026099636,24148.33682314008,18266.774225957266,19201.485994992,64662.28320071478,54491.67164567726,90788.5563067111,224506.67731772191,280045.3858094453,359728.93590402167,1416927.3151339819,4211379.275418184,4682123.018140962,1599162.7094830447,120075.41810994368,288614.4620439702,163131.57762146476,26782.322543183298,12742.142864102294,83762.06962064974,20064.661585778013,26564.896133343682,45633.37682583357,10512.547061746507,14318.117174741232,28823.022553667997,4751.382870945703,14045.905622019582,25622.0725251759,2861.043641250253,9818.007445110961,5731.061509750173,3156.1289155583754,14246.622821939229,7848.101677490362,264.5848150841651,11335.224071858107,5442.706722630839,1611.5139099219768,16937.87378957232,15617.819348139541,1632.5231189350181,5336.957745161908,5347.515168108037,1207.064719288278,7895.036818766397,10897.998197729507,19961.61078030468,8004.647944459967,27838.704992627536,19111.82761253647,15595.03574232028,4353.891842664335,10373.415698229783,25.2
892.1184380276125,2349.7027034358953,780.8478897995499,32.0619454595653,6682.7763835568085,848.7980919919265,528.5250240087305,1816.3116512970043,1971.9243317325422,2789.5955786644663,5562.1428567573375,30.302236238482358,2541.374191902056,1003.6067785043977,737.9454703471929,524.2547229500933,275.6514066399534,328.78120944141654,18.15325006943208,7523.266881897745,1439.9288459202262,883.5724859598319,245.18108448678728,6582.2741478544285,618.7297679392308,421.1567784022517,1205.6362307864179,750.3077399365176,403.73801986539655,101.96010714085459,2800.236794863544,411.05126788236157,332.32791462541724,3421.4685282259293,606.7684249024005,1389.060522012982,1555.2273911630275,3073.5216925585246,1408.4914850012676,927.3696022793827,744.9442402018198,5137.203142245053,978.7179963482081,6556.085329436132,2474.6829591556743,2254.426275296121,251.3288500734369,2618.590517144322,5165.246599684869,4415.858169179114,6096.104261156359,939.7301917787868,4272.965746832688,5363.398132292167,5654.661746472142,5323.247593326987,4832.486474880093,5580.088711740795,3351.8479855267137,15260.448279024171,8975.58925448833,10754.319357227212,6589.8198307884595,14626.016735620999,23767.395811431135,30577.757037504627,33064.58243437475,55783.872382770714,86776.07522336024,138260.65056455857,187892.2574532219,6251727.301331226,715368.6599495017,65675.72165716233,15237.090053263068,6293.212725362238,1076.6381142515543,23986.89742008617,139046.58702509792,869565.8945141516,5314283.989471136,2.7915274564056307E7,3100864.4529399667,431331.7910759499,99141.73711662777,17547.595044395748,15789.496976488976,8194.773716927753,4300.654596748263,5116.485369269678,4148.155330746536,2085.2117411347617,11352.34415338789,440.5018798647433,423.10234687354586,1344.2852041120013,2774.639556603976,2110.20905679767,2685.8629006423266,2286.3636923836584,1741.4227841569418,1649.6785860805755,477.61285125232877,3508.4607383833036,1086.5180404588837,1006.5802369591938,4712.248257831205,204.71249597251648,1338.3428837925649,1008.6602370559369,253.68933181925345,929.7972010797827,1409.722187107243,1137.1296095698967,924.1558490812888,756.5809126128959,794.9257880869872,1831.4900637886362,577.3100717375899,2790.2521897866845,2055.2109931212954,4108.625929562621,4564.383649276611,7813.846960342979,4557.202657302423,10039.47005284706,21749.081342660986,134475.60230004403,197323.36139310052,725853.6281057944,4089361.563916439,1.9672349575560648E7,2403528.762719586,24238.90311095444,3010.049151822881,4909.07187992123,2942.1609559835147,4662.476659907297,3284.253835072156,4012.091257758295,4685.189972557506,922.7058835457881,2720.8232412379143,1861.3533210255637,888.0514526740125,2015.6114944024498,115.31651131509538,12029.900676397872,148.2929028006537,14398.338525211593,1741.5358847759403,14143.452889787151,4455.082700451097,2087.803533332499,2864.480033813864,6530.815813786874,6442.1244188814535,22253.121221171015,1047.6441685651118,2756.7465665309487,1409.6151037260197,2044.073435828012,1206.7537384718507,2849.664676390394,852.6657748489582,1484.4251322795064,1519.450396246382,2284.9938066626564,6064.099663793895,2092.006685646348,1446.4607460530187,1809.0822428165811,2903.704524675276,2906.4337397223303,4565.03669674773,1732.7048183608797,4274.359826986585,2592.577383776426,426.2445457747401,5881.38484558332,2638.0191082828455,483.9667480222359,4746.407299735285,2452.958386003406,5264.600662084756,4285.781012145801,18311.60584938633,18585.18425187678,4556.531547778737,9792.876837887674,9290.974033006145,9013.90824481665,25.2
356.85408937461455,1649.1546500372528,340.2422441195061,726.1749384339846,1467.5186269548992,793.5697077575006,775.2402998463047,2340.637101737102,60.595267661741126,321.3841098322653,600.8912539838326,39.42898339589776,4071.120045291319,1015.0959120095587,1012.4879959702916,411.3783734160939,2166.5988148797883,2185.2932180040307,6820.03884298187,35.047369162430186,1308.2547861400853,881.9784476724676,225.30739634374044,1143.8635685880747,149.48704934769023,200.97735050340873,4118.987461348245,81.19881477946099,813.5928109367591,125.53623807147258,521.7980553086937,1032.2536604596482,413.7638337335385,287.12303406766165,171.94459910898993,816.0527430524744,1023.404413443158,896.6230426839963,2053.291643524471,1475.1147815802321,4854.743882542827,186.90836365300135,267.83703368834995,1222.9731363287897,273.3939622939343,1652.787952692328,577.7662041694515,1054.1380502982336,174.26966991612366,463.06068103597516,1244.8888187304324,1183.558806826212,680.7680168866038,2372.132845600534,2338.148885232405,428.7884936917305,752.7454686936994,531.2714937403995,81.84125363477271,1344.8187693932225,3535.2761546756324,315.3068856417855,16.849350285261544,408.9987551970956,1237.9714782121466,3108.601057495739,1088.0436401243028,5343.635843174433,22531.371952525067,170154.38183318538,822040.4626774418,1175705.9976062295,432785.4612656352,29072.72563277389,1947.5431108842097,1554.9025221933446,9497.137960337452,20263.685570229445,29309.19804865172,73515.3414956558,501577.6312717532,4438385.828697284,5079737.570802497,883805.670573741,100539.55818030146,16822.60237511187,11836.132340753464,1349.5531845872972,11361.789418707283,4090.2954223152046,1796.4483245406354,483.42739598854394,3127.853448912795,1047.9860513269975,2652.1126650412425,3041.165882164278,969.0352386473812,366.3781669946015,87.29833062339608,585.938353321802,104.80354074054787,1901.2530638024446,240.31136409920285,1216.9833209207827,3773.0529861037503,626.8394030666188,575.365482672925,126.33382171813933,238.5897971421328,1213.4109403397774,4061.12827211438,1008.7181415414344,1036.9546938379965,1284.2334745064747,3.94543348337184,3874.9999142849474,302.85313602263943,764.4495487655735,3159.9234893312855,2292.4377380448936,2454.654861820159,1153.9738057897098,1837.8356865371002,5503.829545751803,9079.758384475675,11218.963510143478,42629.33954141619,637.7951927055265,5937.730995925494,22165.344949509654,125087.94478116579,1.160260648661619E7,434466.8225899796,34930.00862194821,17877.689404827994,14204.165160808852,8854.07537573706,7368.633726439472,2986.2241691666336,2130.4228302549427,1243.592711840878,685.6348481184008,180.38529871887124,973.6884183958708,2335.3498845539343,709.8896670222692,435.4172852885608,88.15214877600593,678.5777754318362,386.91651820147405,534.8414251205961,1018.5319084980605,1338.8247984132706,2781.286773788497,424.15047097103246,25.440816031411067,66.74722848375205,7533.237107460508,3957.403312475074,1293.5317783683963,310.0113378198155,804.1405272725729,1214.2044061657975,578.0945366718148,229.2379318513965,1848.059282612479,1828.527160996236,1421.2903549389457,99.26931806652183,352.0333913042497,234.83904412927856,239.94612569075827,812.4594603555106,152.82566086121068,1116.7342629416103,486.65176847884845,24.313552834868933,515.2164119943778,42.99273856936701,2529.4615264840368,468.819489852559,651.1037440683632,464.88384913682023,1877.1930121573898,396.73964034187117,495.35965824365945,2654.229401288081,856.9345970797648,706.7164016428951,3737.0910913253942,586.7557306482807,4371.601137072246,25.2
247.34877858729263,1580.191194305975,922.8610187438962,2904.729000964693,745.6545851992277,4709.707145348004,386.8255432020609,1827.274975399679,4182.284351850648,329.33071793527586,435.951721495534,1428.4837285767615,170.2032505395346,1349.8743796198462,319.075574984218,1236.9653698901775,1119.6067292007365,2627.4442289145168,219.35711751398134,2048.752765368164,831.7641901961692,580.1268375029915,357.3377111562337,1080.0372544634886,1735.2764121003927,2984.328962038803,671.2119604320955,2160.5887929676246,3870.8982260878993,1670.8568366625946,658.8190485312779,4780.724896930496,3298.723707807968,1269.3416448847338,491.3738069041349,2973.5891116569146,2380.8770290618895,1431.261040848352,903.170094669044,2466.079445300404,10120.601202421649,5194.000674467976,653.774205848596,4952.381210372747,1478.6182528914003,22132.438041606772,21003.120325757445,24941.318083702405,3207.3463011356225,8772.911017885302,2687.4892629400706,2483.7130456581485,3895.5508225582726,3550.627376369907,666.0239644212785,2440.0926183882166,8946.584301796556,5791.0333876958775,648.8125571083726,222.1870025745435,6167.811748698861,18761.36874505328,9462.133632836785,7377.052428402661,12017.958145275832,12458.922915018195,27652.157660020628,20466.09315635675,48805.95014331972,26983.994739266098,132641.7665771954,1454782.9309979351,2609640.7432584767,73831.18407827553,118409.29368545499,100855.35167404028,146927.54864792636,644947.9836983876,381128.8375902342,4053984.7298073843,2.6608725600999203E7,4737297.236370758,2740497.0706080487,255975.61577520665,479338.14653787663,206585.0739278246,53654.579126967685,17004.596639624047,32153.804185692366,56925.07949829329,5296.348405313458,16968.50860634055,8734.738993969939,13299.728410157182,9430.609139345443,7720.971055826259,3574.4137038326594,6629.1396536601105,2507.424682178709,5800.168882744561,6172.929974620702,772.3311334205496,6593.545587251014,7076.560943554181,9377.800314853392,775.7485229937035,1591.8085421410221,7336.015609857299,7657.932265011633,5827.614933630064,138.10650478505448,2667.291048015516,13242.623593488426,2782.489354893193,553.0297634753385,3283.9791409956615,15000.806197539732,15252.983209768547,3020.5762269632946,10497.031725854376,26324.490781935532,24410.475529113304,13615.955331518417,51781.47227687418,65769.86754110196,32463.300162312888,669369.6180261519,173048.13487412507,216777.41294365714,613191.0601935412,590797.9355091118,521405.2221914793,2616818.569516345,481125.5320977543,138043.47659392268,6072.230900225688,6163.910304451564,9223.853232166071,33594.764615776396,94858.34964102962,1318.2730725247015,113.36583318357637,13915.293107515416,56937.32742724134,118553.2619761519,205171.2060852797,463150.8527170014,1390636.5904990179,2734934.735861681,6559156.786717212,4003289.091109952,100462.24142405966,191645.03123554264,282432.1607607614,154107.55474485044,158164.17585624292,91212.68608086061,22106.545629136763,60074.687084986945,77928.94233165958,62812.3813012211,104077.23977230271,59323.178810565514,23110.917428828732,24848.995776580625,60694.579201852175,73626.90342396652,45367.38885671027,20851.510803890636,15923.608246858343,42527.8105583023,39614.913264210074,34010.4644784303,30486.30099870066,7661.718611613809,13686.35842526695,13434.490778986634,22166.67599754,22357.1372184276,8851.783137843973,4368.609214878016,10173.86726598614,16908.293893203176,3995.2767191676376,1729.566636930613,761.9016919088075,2805.757444820031,35275.065268664235,28011.74205111566,7141.974309185084,420.5978129438564,1828.2663685953569,25.2
4917.879742543317,1441.7734281730807,2319.954698492835,1009.491689500152,1066.414013360306,805.7344938026638,1632.9958988735552,1686.6023878385374,97.23060059197172,100.55008267940374,122.50276644265725,1355.2579967203433,988.6755168570277,1558.2129748065704,1602.6698016115954,2005.8200112352658,137.68333212392542,842.664378683762,96.14092898340728,167.36883510712983,117.23104186470826,1483.091524799903,29.15862784752506,2431.9784629301807,2102.9158447035775,436.33173810145826,105.59072657173841,3523.812753770725,87.58816007889969,1981.1843741576288,1021.3932294894173,353.3823932498444,665.180893417756,90.35141854441574,657.966982164819,832.1076252159557,979.4026876602233,365.73380567082194,4127.248086943434,415.8608480921078,2927.9480099192856,1511.486685196072,1641.9222527397083,2110.2930482509964,2804.0531531028532,439.68452160229793,344.45886813200394,12703.851944410104,2304.765776909124,2105.1152502432997,999.7416110283389,2922.5128973238457,4358.643281285978,8611.659265784345,2798.738751262076,4214.665529500934,6578.706739519277,3359.070722095278,3050.37992446556,5325.361883937894,4767.661204178538,2992.3973314485575,3750.9736735960323,7137.133102949158,5789.371837069614,1779.9041654182793,6648.647947119709,5663.330151399132,1672.0570416735895,102583.09041442626,650083.2859569583,69387.6707713924,38805.387476489646,50570.39105990683,57348.48702858466,58670.31148717061,66205.59081278165,112732.88312300647,178030.4925255813,274858.1570726784,801866.317181153,5722014.284788637,4727960.684891373,1101482.299418701,342013.49765784584,141137.31932600308,103885.56112785387,47046.373386850864,35169.38113843441,23546.37130500484,21476.800672698348,16812.849526375663,17952.826713531587,13640.857781353952,10705.647905923197,17556.136787414478,13983.86809690564,4383.793574425341,10433.55481954184,5306.345202607266,2648.8550720749504,3151.015449477748,2016.413987958856,2898.728103855332,2423.8856006628116,1133.9977131736441,1538.4235024933243,1718.5998385708042,321.9497108466486,1551.3238992480146,5019.796451052861,1866.9466317975612,838.4790108273353,1124.6010636091535,2148.6233592911176,199.7538168305342,52.83449602545729,1592.3449545216222,2509.59608534935,1838.7039178924188,1169.5490190096982,2781.3977063049724,1301.9267826134721,854.7113774303564,9061.010315955464,27438.773209062932,217930.17837864292,138651.19382200946,14969.754516758829,7202.244834530544,75932.50353678332,366951.98652848485,2523468.7560252193,67332.03718779996,89327.45846578882,27954.13546063925,14489.000550638946,6663.418232277271,5689.20249755806,3620.486791919423,3125.398572669379,6615.899297874145,6843.90209267,3149.417723968974,2370.8004217253506,6145.491656919727,3891.5526678420056,22494.087150327672,30768.756000400033,32176.315087538336,124519.45316473253,31626.32791967776,38955.132457580345,10771.470095614093,1801.5425593876225,306.85873124204187,111.75964088339708,1098.2844003889015,6340.430280632607,742.8338540803297,831.0078692861092,1291.4078208928686,330.10678753403766,530.1133095724521,1099.8359359803396,222.37147015789034,2689.0334163003913,242.02304974383728,774.6070168296848,1145.8867624775444,22.141041462725315,1721.5012097964643,1398.3133301330931,44.24951383209172,527.3959681598316,366.4260536772102,3680.6028674954105,898.484724997299,1779.0148989636702,699.6361963910094,1183.0891305439036,986.9730784615078,2005.536924094369,1678.0767125749599,163.73469077655278,25.925020853129098,124.08075526269481,9817.639157751415,2179.6246038125314,186.48317665382373,456.9404029442887,4444.7343489480545,25.2
295.0319840710394,1695.025820436776,1183.6503904736746,86.11547591112353,140.204033847289,820.6583044953582,677.4837238841674,758.2646363321109,17.935245803796718,2166.241276551086,1557.2647951399213,440.1871352872744,546.440523347099,143.4415172708439,413.1545920455945,419.836882571307,1460.6088928984877,41.87098626606294,2197.0826327197547,69.98463197527228,1079.5058358171716,64.69323811320066,2524.9406422908755,1925.6289390332322,413.10031160000676,668.1614969827508,166.98779861336868,180.09960344602598,133.31385821016727,2867.6359299713,213.55174168545193,94.65129150863483,208.77337872510154,411.02302851509694,837.7966869883446,102.20214090982742,968.7643072838148,1060.8936457013692,142.58168449194747,357.3437315067973,508.9727442836729,1916.7569836680514,570.2637800551202,272.9327533320176,3222.7779747949694,1121.092758449591,268.33952270732334,1981.4273773415102,1003.1297629133549,367.06556050555747,89.98974703143288,1076.0757033551001,501.26150627250036,51.59176557864583,2374.6901562746575,680.3565570163811,379.3956651089498,1007.855105378345,130.92983143782484,574.0127390487175,2447.5813501407574,1040.1980647031176,371.26968776947814,2388.3664507177527,671.2984140312896,688.0735707435136,1214.3149645211004,1755.1170566978165,2391.512497646316,4541.134839533702,12631.540084563596,82471.86663752726,692535.5003843044,102397.3675271581,8385.162960752084,10036.38426983318,14334.91246829997,46290.376360737806,135557.74273436228,869979.264698918,2439021.3593169795,1029234.5929506375,85073.6910450885,53462.4278402785,24251.026936058952,17303.647489357612,7815.294267279906,3144.4774894456236,2028.362420349166,5544.078558012892,3529.672350099437,966.1755945232321,3572.144537511137,1393.0592581287112,302.8958438288489,892.1099988473446,76.62248267042303,161.32751790358154,3040.923757608065,1158.1128620839077,190.39251442851133,1924.2987473706983,1779.9293566134688,5906.668394186893,2474.6449013867814,95.27799463302993,265.51418603916744,564.0969534428835,622.7522378106428,321.5285470607748,202.0415187919166,196.97279305750254,390.7277614133291,658.7697158812124,220.03168500631782,754.4431580018603,868.3868912286814,515.6038528237854,1772.5361049458124,64.01032720953103,1183.8566824733223,1136.7894104045633,1939.8653919570165,1969.3971941416405,6599.07888246839,5777.159502409337,19563.437266373126,450.84878014150894,2557.417073383295,23928.032203373576,107470.5026194641,347211.0680324587,475701.5887172194,369496.2075304669,46101.927763008985,5881.3211707995315,3607.6527183202597,883.3145938764346,285.8754521265445,3678.6366028924595,5473.294950950092,968.9399530182668,2709.5393462187794,81.63052068337562,404.67903110159637,3402.0756952050465,170.51120966772075,373.6493344937102,2011.3189813784495,5243.020495716279,623.0720130367937,2355.262111232343,468.1996658611851,105.50618925424236,947.7693872835569,444.88854121086024,1951.8501443088749,28.359633167152964,555.9351502226974,152.26411880310604,519.5847409650112,165.73885309245844,1140.7791542735015,879.6500313566311,302.43934624898,1240.523057577714,550.3162989796847,404.9233004224473,517.8630779366579,342.2208944471924,69.89713802563108,471.5954585017886,209.9418398879681,137.86051693145816,81.22632197126026,482.7665409261672,1280.5532619345302,271.49671679752805,633.8564528675578,2121.4829224962305,106.10633069357198,962.877883941406,222.21510766362,375.50039085011446,4.099003950957762,2257.8434905992212,1405.9680560423894,2786.253456153143,1447.0940616032447,504.3506159390825,531.1232825734471,355.9525218161894,25.2
395.2870964561792,1246.8776417231668,534.0673899028156,3.8404675083000033,20.5735800904027,1361.0116191810962,1035.8676444067364,632.8269901071019,48.950257253582,1685.5411908666438,1093.2038552635627,252.6661300111248,1237.3127028938177,355.3712319194128,62.74652006518518,124.8688863437791,887.6607626823604,482.9465567760665,685.8836702978317,498.53357488670605,2329.7161610837757,505.6504602893026,783.034785414552,757.0204984475859,116.33302057629197,263.4184680140062,928.2329817663046,203.81159682281435,676.2254026575213,1974.5123760254685,975.0697511242713,586.4491231834306,69.8332642927082,181.23180753083466,1012.560641477124,100.60489729117761,1374.2625974164516,1411.9695559185484,47.770676600554864,289.58106612869653,687.3251295533587,695.5329777976882,1486.3828814988042,1491.8408613378895,1204.6484500582692,105.74333987950583,649.7461117347199,642.2449137463096,516.5978346523194,42.03164400380612,983.0342046777041,187.44693244134845,1619.6085113494646,105.12696944405819,1441.9304892625698,833.4718399087777,414.9408686294301,737.2754299007579,3.974794085386298,799.7562615648111,2918.544683063967,1196.9443461807014,2698.2873980600334,223.01276855258416,978.2462636726084,1791.2441208457976,2800.238019080748,2007.5649172801695,2458.4019687345453,3050.7635153647343,8977.955169540064,70329.45840799708,630599.5224948569,108569.14595879582,1225.9485600759472,1440.9372471517336,3400.4257141062812,11356.660825019768,76923.78943281021,843494.5950853545,2839458.389397009,787295.0958645021,36523.1570527092,22951.597247030862,17050.39790663671,10691.704083507435,1890.559774285232,3263.001235101432,2894.1275319612787,1892.1601345223244,602.4442429255816,2244.0895794082553,3061.700571497224,750.9912046465809,1499.3223220730902,493.25460985949286,738.4849583956266,813.0056286308342,1072.1187381630562,558.3188353934377,7.3389196561512176,1251.3642882433376,1178.4977499164122,4066.077130894767,2283.3233140943476,308.87011439201143,973.9733254995665,350.8423899349349,1001.5716267337255,1040.079010577652,940.5847575992474,13.759757584820068,153.95105112939535,1072.6497433676527,530.9598492680707,778.0754914259265,750.7905170160991,696.5886480092394,1979.43968775509,137.00114395783635,1500.4114516075167,199.08604679518177,268.52497459544924,177.01746824804252,2117.2755208700687,1574.8452565856353,19808.92919080437,2967.0000294418905,2837.8523377175993,19940.17121215801,112056.39907311717,404033.15999261773,547703.5712801534,320411.9262018941,27487.29659364337,1987.7895103408457,1865.5889632856383,938.9326531300264,1398.4733011490925,109.77185803510315,928.8318862454614,234.73699591140706,351.2729351164064,1106.617370704852,412.0406803271002,832.7835103121942,564.3983584065581,1731.9379293138431,673.1456968673681,1693.2628445850407,40.88178525360533,2219.111489152835,90.86638188295632,432.47226157697037,313.99539416573344,187.21748372073134,1325.1006576378634,323.24070091045263,362.14579143290973,593.5192333558857,921.0750411421723,742.5257741139136,892.3238864374208,742.8115364629571,86.830915928794,698.0810691335554,986.6181358473199,134.86881173080744,557.5784486391841,152.4449173803999,51.714992521111895,279.00881400648564,164.11006908324325,367.8045481574893,245.94100094178964,1302.9660571424893,1122.0866953522539,17.57607772148403,140.61798876671878,1022.2618660288991,39.30511588588071,377.93209233856226,22.074565224165774,900.6081531499261,133.82464348348728,3213.5528791345146,2051.384388636766,1977.327597514076,854.4158855385065,130.17849522180674,675.0467547014231,47.6362944062532,25.2